{"stats":{"minecraft:picked_up":{"minecraft:stick":4,"minecraft:crafting_table":2,"minecraft:sandstone":2,"minecraft:sand":12,"minecraft:oak_log":12,"minecraft:dirt":2,"minecraft:apple":1,"minecraft:wheat_seeds":2,"minecraft:hay_block":5,"minecraft:iron_ore":4,"minecraft:oak_sapling":2,"minecraft:cobblestone":11},"minecraft:custom":{"minecraft:time_since_rest":6158,"minecraft:sprint_one_cm":9250,"minecraft:damage_taken":10,"minecraft:walk_one_cm":11221,"minecraft:drop":4,"minecraft:interact_with_crafting_table":7,"minecraft:fly_one_cm":76454,"minecraft:crouch_one_cm":1925,"minecraft:play_one_minute":6158,"minecraft:sneak_time":945,"minecraft:jump":100,"minecraft:leave_game":2,"minecraft:time_since_death":6158,"minecraft:fall_one_cm":2185},"minecraft:crafted":{"minecraft:oak_planks":36,"minecraft:crafting_table":1,"minecraft:stick":4,"minecraft:wooden_pickaxe":1,"minecraft:stone_pickaxe":1,"minecraft:wooden_axe":1,"minecraft:stone_axe":1,"minecraft:bread":15,"minecraft:wheat":45},"minecraft:dropped":{"minecraft:wheat_seeds":2,"minecraft:sandstone":2,"minecraft:sand":12},"minecraft:mined":{"minecraft:hay_block":5,"minecraft:iron_ore":4,"minecraft:crafting_table":2,"minecraft:grass":1,"minecraft:oak_log":12,"minecraft:sand":12,"minecraft:dirt":2,"minecraft:stone":11,"minecraft:oak_leaves":19,"minecraft:sandstone":2},"minecraft:used":{"minecraft:wooden_axe":13,"minecraft:stone_pickaxe":12,"minecraft:wooden_pickaxe":10,"minecraft:stone_axe":7,"minecraft:crafting_table":2,"minecraft:oak_sapling":1}},"DataVersion":2586}