{"stats":{"minecraft:killed":{"minecraft:chicken":1},"minecraft:mined":{"minecraft:oak_log":6,"minecraft:birch_leaves":3,"minecraft:oak_leaves":13,"minecraft:crafting_table":1},"minecraft:used":{"minecraft:wooden_axe":11,"minecraft:crafting_table":1},"minecraft:crafted":{"minecraft:oak_planks":24,"minecraft:crafting_table":1,"minecraft:wooden_axe":1},"minecraft:custom":{"minecraft:time_since_rest":7322,"minecraft:play_one_minute":7322,"minecraft:crouch_one_cm":879,"minecraft:sprint_one_cm":5932,"minecraft:damage_taken":20,"minecraft:walk_one_cm":15578,"minecraft:sneak_time":378,"minecraft:mob_kills":1,"minecraft:jump":84,"minecraft:damage_dealt":40,"minecraft:leave_game":1,"minecraft:time_since_death":7322,"minecraft:fall_one_cm":1240,"minecraft:interact_with_crafting_table":1,"minecraft:fly_one_cm":43507},"minecraft:picked_up":{"minecraft:stick":4,"minecraft:crafting_table":1,"minecraft:feather":1,"minecraft:chicken":1,"minecraft:oak_log":6}},"DataVersion":2586}