{"stats":{"minecraft:used":{"minecraft:wooden_axe":13,"minecraft:stone_pickaxe":12,"minecraft:oak_planks":3,"minecraft:chest":1,"minecraft:wooden_pickaxe":10,"minecraft:stone_axe":7,"minecraft:written_book":1,"minecraft:crafting_table":2,"minecraft:oak_sapling":1,"minecraft:white_bed":1},"minecraft:picked_up":{"minecraft:stick":4,"minecraft:crafting_table":2,"minecraft:sandstone":2,"minecraft:sand":12,"minecraft:oak_log":12,"minecraft:dirt":2,"minecraft:apple":1,"minecraft:wheat_seeds":2,"minecraft:hay_block":5,"minecraft:iron_ore":12,"minecraft:bread":30,"minecraft:oak_sapling":2,"minecraft:cobblestone":11},"minecraft:mined":{"minecraft:hay_block":5,"minecraft:iron_ore":4,"minecraft:crafting_table":2,"minecraft:grass":1,"minecraft:oak_log":12,"minecraft:sand":12,"minecraft:dirt":2,"minecraft:stone":11,"minecraft:oak_leaves":19,"minecraft:sandstone":2},"minecraft:crafted":{"minecraft:oak_planks":40,"minecraft:crafting_table":1,"minecraft:stick":4,"minecraft:wooden_pickaxe":1,"minecraft:stone_pickaxe":1,"minecraft:wooden_axe":1,"minecraft:stone_axe":1,"minecraft:bread":15,"minecraft:wheat":45},"minecraft:custom":{"minecraft:time_since_rest":78191,"minecraft:sprint_one_cm":60798,"minecraft:damage_taken":10,"minecraft:walk_one_cm":86987,"minecraft:drop":6,"minecraft:damage_dealt":15,"minecraft:interact_with_crafting_table":7,"minecraft:fly_one_cm":195513,"minecraft:open_chest":2,"minecraft:play_one_minute":116818,"minecraft:crouch_one_cm":4194,"minecraft:walk_under_water_one_cm":96,"minecraft:sneak_time":1524,"minecraft:jump":342,"minecraft:leave_game":8,"minecraft:time_since_death":116818,"minecraft:walk_on_water_one_cm":399,"minecraft:sleep_in_bed":1,"minecraft:fall_one_cm":3439},"minecraft:dropped":{"minecraft:bread":15,"minecraft:wheat_seeds":2,"minecraft:sandstone":2,"minecraft:iron_ore":4,"minecraft:sand":12}},"DataVersion":2586}